Date,CompanyName,Open,High,Low,Close,Volume
20160219,a,36.980,37.600,36.850,37.440,2036652.000
20160219,aa,8.030,8.090,7.840,7.880,28241790.000
20160219,aal,39.140,40.070,39.040,39.760,10895186.000
20160219,aap,143.466,145.035,141.296,143.496,898499.874
20160219,aapl,96.000,96.760,95.800,96.030,33764919.000
20160219,abbv,54.500,55.000,54.010,54.270,7065949.000
20160219,abc,86.740,87.070,86.280,86.840,1366123.000
20160219,abt,38.320,38.650,38.140,38.540,5049007.000
20160219,abx,12.441,12.921,12.382,12.531,22421544.382
20160219,acas,12.950,13.030,12.850,12.920,1664866.000
20160219,acn,98.310,99.020,97.930,98.950,2704193.000
20160219,adbe,80.320,80.940,79.510,80.870,3794831.000
20160219,adi,51.456,51.982,51.250,51.675,2198348.139
20160219,adm,33.660,33.780,32.310,32.650,4842048.000
20160219,adp,84.006,85.159,83.857,85.030,1950165.571
20160219,ads,197.340,204.490,195.000,204.370,985348.000
20160219,adsk,47.570,50.340,47.400,49.920,3580004.000
20160219,adt,39.830,40.000,39.720,40.000,7560524.000
20160219,aee,45.399,46.271,44.695,45.191,3542275.977
20160219,aep,62.430,62.450,61.590,61.910,2064046.000
20160219,aes,9.640,9.665,9.340,9.420,3692343.000
20160219,aet,104.800,105.400,102.490,103.430,2231287.000
20160219,afl,58.980,59.350,58.540,59.320,2086420.000
20160219,agn,278.700,279.750,273.220,275.200,3296457.000
20160219,aig,51.578,51.608,50.982,51.200,7213335.730
20160219,aiv,36.280,36.490,35.980,36.180,2013500.000
20160219,aiz,67.945,69.842,67.657,69.812,920399.577
20160219,akam,52.790,53.140,52.000,53.130,3360014.000
20160219,aks,2.560,2.590,2.470,2.510,2493009.000
20160219,all,63.560,64.107,63.471,63.660,3088404.965
20160219,alle,58.390,58.689,57.931,58.620,1132284.022
20160219,alxn,142.250,146.140,140.500,145.890,1314218.000
20160219,amat,18.401,18.748,18.132,18.281,33491049.180
20160219,amcc,5.390,5.500,5.350,5.390,370121.000
20160219,amd,1.930,1.930,1.830,1.910,7535166.000
20160219,ame,45.725,46.084,45.256,46.035,1487991.614
20160219,amg,128.040,129.630,125.870,129.520,618664.000
20160219,amgn,148.980,151.760,148.250,150.120,2623553.000
20160219,amp,83.540,83.910,82.120,82.690,1748424.000
20160219,amt,87.410,87.920,86.510,87.280,1884866.000
20160219,amzn,521.090,536.000,515.350,534.880,4882334.000
20160219,an,49.620,49.620,47.390,47.950,1457559.000
20160219,anf,26.121,26.339,25.535,26.319,1539855.540
20160219,antm,126.957,128.500,125.923,126.599,1282214.440
20160219,aon,94.280,94.420,92.980,93.550,1098078.000
20160219,apa,37.900,37.970,36.273,37.330,5340433.000
20160219,apc,35.930,35.960,34.202,35.311,12275565.300
20160219,apd,130.700,131.900,128.880,131.530,1082341.000
20160219,aph,51.879,52.108,51.520,51.968,1408672.744
20160219,apol,8.730,8.830,8.620,8.680,1514252.000
20160219,arg,140.045,140.493,139.926,140.384,424132.937
20160219,ash,92.250,92.980,91.000,92.730,741868.000
20160219,ati,11.295,11.424,10.827,11.295,2225569.492
20160219,atvi,28.617,30.105,28.419,29.946,10533101.440
20160219,avb,167.860,171.470,166.190,170.080,568566.000
20160219,avgo,126.621,128.365,124.538,128.245,2775201.009
20160219,avp,3.670,3.720,3.470,3.515,7006007.000
20160219,avy,63.942,64.489,63.554,64.210,938839.549
20160219,axp,54.300,55.030,54.030,54.710,6022828.000
20160219,azo,746.910,760.390,745.330,759.880,301148.000
20160219,ba,117.310,117.350,114.420,115.230,6110601.000
20160219,bac,12.174,12.194,11.934,12.074,115832582.100
20160219,bax,37.871,37.921,37.252,37.532,4255168.595
20160219,bbby,46.710,46.890,45.860,46.480,2036221.000
20160219,bbt,32.050,32.410,31.930,32.380,3557967.000
20160219,bby,29.150,29.610,28.710,29.287,8012340.932
20160219,bc,41.980,42.330,41.440,42.220,886577.000
20160219,bcr,187.470,189.600,185.720,189.060,380305.000
20160219,bdx,142.723,144.356,141.748,144.187,768479.588
20160219,ben,34.430,34.600,33.780,34.080,2800920.000
20160219,bf,101.008,101.935,99.932,101.646,728438.190
20160219,bgg,20.887,21.270,20.769,21.255,552991.968
20160219,bhi,41.590,42.217,41.141,41.978,2350117.439
20160219,big,37.590,37.759,36.943,37.570,676974.157
20160219,biib,257.360,263.000,255.120,261.400,1398684.000
20160219,bk,34.410,35.010,34.330,34.930,6694072.000
20160219,blk,310.875,312.345,305.324,311.927,756721.039
20160219,bll,66.111,66.261,65.043,65.912,1018739.680
20160219,bms,47.720,48.060,46.660,47.650,578344.000
20160219,bmy,62.920,64.540,62.910,63.800,5345485.000
20160219,brk,130.350,131.600,130.010,130.990,3123835.000
20160219,bsx,17.180,17.250,16.980,17.160,6389804.000
20160219,btu,2.220,2.370,2.010,2.030,1929675.000
20160219,bvsn,6.000,6.050,5.950,6.030,6335.000
20160219,bwa,32.331,32.440,31.484,32.171,1959127.704
20160219,bxlt,39.181,39.590,38.822,39.331,3445369.286
20160219,bxp,111.040,113.170,109.950,112.400,806265.000
20160219,c,38.840,39.060,38.060,38.990,21012967.000
20160219,ca,29.120,30.150,28.920,30.010,7195916.000
20160219,cag,41.640,41.920,41.160,41.840,1943966.000
20160219,cah,81.040,81.100,80.250,80.840,1571129.000
20160219,cam,65.530,66.360,65.330,66.290,1741321.000
20160219,car,28.870,29.200,28.040,29.060,1717026.000
20160219,cat,65.000,65.520,64.080,65.410,4599161.000
20160219,cb,115.690,116.530,115.000,115.660,1696190.000
20160219,cbg,25.240,25.340,24.550,25.060,3216792.000
20160219,cbs,45.347,45.736,44.768,44.978,4470392.149
20160219,cce,48.362,48.919,48.193,48.630,1043928.249
20160219,cci,84.712,85.068,83.851,84.563,1964011.079
20160219,cck,45.940,46.150,44.970,45.560,1318345.000
20160219,ccl,45.360,46.550,44.830,46.370,4722397.000
20160219,celg,103.050,103.850,102.100,102.600,4765593.000
20160219,cern,51.820,52.260,50.370,51.460,4512616.000
20160219,cf,34.190,34.220,32.810,33.010,5264722.000
20160219,cfg,19.110,19.300,18.885,19.240,4145135.000
20160219,chd,89.040,89.840,88.390,89.440,1039346.000
20160219,chk,2.030,2.030,1.900,2.010,18936576.000
20160219,chrw,70.141,70.380,68.819,70.042,1771301.088
20160219,ci,136.511,137.321,133.572,133.992,861973.489
20160219,cien,19.320,19.630,19.175,19.570,1254937.000
20160219,cinf,61.925,62.292,61.647,62.114,669909.583
20160219,cl,67.290,67.480,66.360,67.450,2733777.000
20160219,clf,1.950,1.960,1.760,1.810,3441052.000
20160219,clx,127.890,128.780,126.870,128.600,680914.000
20160219,cma,33.685,34.485,33.476,34.132,2608048.718
20160219,cmcsa,57.010,57.810,56.950,57.750,8537516.000
20160219,cme,90.844,93.268,90.228,92.722,1595094.178
20160219,cmg,513.000,526.230,509.400,511.120,1340378.000
20160219,cmi,96.470,97.120,95.010,96.580,2123618.000
20160219,cms,39.650,39.800,39.270,39.410,1868972.000
20160219,cnc,55.690,56.340,54.200,55.430,1945371.000
20160219,cnp,18.450,18.570,18.300,18.440,2606735.000
20160219,cnx,8.180,8.570,7.700,7.870,6476663.000
20160219,cof,65.500,65.880,64.755,65.730,2268928.000
20160219,cog,19.350,20.480,18.400,19.940,10863198.000
20160219,coh,35.711,35.929,34.888,35.523,3146619.024
20160219,col,85.220,86.460,84.510,86.070,1144643.000
20160219,cop,32.940,33.280,32.090,32.870,13703235.000
20160219,cost,148.990,149.145,146.830,148.700,2345531.000
20160219,cpb,60.820,61.420,60.260,60.930,1535520.000
20160219,cpgx,17.040,17.460,16.825,17.080,1750287.000
20160219,cr,48.207,48.207,47.492,48.148,184571.982
20160219,crm,61.750,62.360,60.660,62.140,4506144.000
20160219,csc,27.200,27.540,26.910,27.460,1729749.000
20160219,csco,26.310,26.560,26.250,26.550,23179732.000
20160219,csra,25.880,26.360,25.680,26.130,939255.000
20160219,csx,24.449,24.727,24.231,24.330,11890942.700
20160219,ctas,82.610,83.750,81.910,83.360,593985.000
20160219,ctb,36.123,36.821,35.674,36.492,301609.163
20160219,ctl,29.794,29.828,28.929,29.209,6126657.217
20160219,ctsh,55.400,56.030,55.070,55.900,4712330.000
20160219,ctxs,68.220,69.450,67.930,69.270,1143015.000
20160219,cvc,32.350,32.660,32.350,32.430,1428056.000
20160219,cvg,24.736,24.766,24.507,24.617,429787.295
20160219,cvs,96.400,97.660,96.050,97.590,3700357.000
20160219,cvx,86.330,86.540,84.800,86.500,8986070.000
20160219,cxo,92.830,94.420,91.655,92.410,7863000.000
20160219,d,68.854,69.072,68.309,68.755,3482007.607
20160219,dal,46.260,47.145,46.230,46.680,9717610.000
20160219,dd,59.940,60.195,59.400,59.970,3631742.000
20160219,ddr,16.211,16.325,16.082,16.191,1225275.746
20160219,dds,72.750,73.640,70.210,71.830,893467.000
20160219,de,76.650,78.360,76.500,76.960,8216549.000
20160219,df,20.575,20.654,20.196,20.375,3802761.510
20160219,dfs,46.280,46.330,45.760,46.130,1829730.000
20160219,dg,71.986,72.275,70.451,71.767,3029419.225
20160219,dgx,65.920,66.420,65.270,66.290,878025.000
20160219,dhi,24.550,25.130,24.440,25.000,5976182.000
20160219,dhr,86.424,86.843,85.885,86.514,2319031.088
20160219,dis,95.230,95.720,94.560,94.980,6145084.000
20160219,disca,25.490,25.870,25.090,25.350,3890429.000
20160219,dlph,65.070,65.390,63.880,65.150,2149017.000
20160219,dltr,78.660,79.490,77.580,79.440,2711849.000
20160219,dlx,54.580,54.860,53.960,54.430,283483.000
20160219,dnb,92.415,93.122,91.172,92.102,640078.362
20160219,dnr,1.030,1.030,0.887,1.010,16722170.000
20160219,do,18.570,19.710,18.200,19.640,3070435.000
20160219,dov,61.038,61.098,59.767,60.184,2055044.466
20160219,dow,47.410,47.460,46.990,47.080,4748752.000
20160219,dps,89.453,90.248,88.697,90.019,1333533.658
20160219,dri,61.530,61.830,60.260,61.190,1382903.000
20160219,dte,84.257,84.515,83.424,84.009,775506.526
20160219,duk,75.930,75.930,74.190,74.510,5605092.000
20160219,dv,18.390,18.880,17.825,17.930,622694.000
20160219,dva,64.440,64.585,63.550,63.800,1363661.000
20160219,dvn,19.044,19.104,17.877,18.451,32416443.100
20160219,dyn,8.010,8.060,7.500,7.810,4064452.000
20160219,ea,58.340,59.900,58.100,59.570,5531993.000
20160219,ebay,23.430,23.855,23.350,23.800,8986034.000
20160219,ecl,107.940,107.970,106.415,107.412,1544823.875
20160219,ed,71.000,71.610,69.680,70.870,2683841.000
20160219,efx,100.124,100.822,99.476,100.582,836076.057
20160219,eix,63.630,63.750,62.830,62.910,1587601.000
20160219,el,90.763,91.341,89.856,91.321,1209359.226
20160219,emc,25.010,25.220,24.980,25.010,10795152.000
20160219,emn,62.582,62.612,61.778,61.996,1003081.475
20160219,emr,48.190,48.230,47.600,48.060,3715346.000
20160219,endp,50.440,51.320,49.430,50.250,3349778.000
20160219,eog,68.590,69.730,68.060,69.710,3107951.000
20160219,eqix,286.273,302.412,283.857,297.678,2076094.846
20160219,eqr,64.665,65.374,64.257,64.816,1467979.965
20160219,eqt,59.200,59.500,58.500,58.910,7624988.000
20160219,es,53.978,54.295,53.393,54.226,1862436.662
20160219,esrx,68.320,68.660,67.820,68.010,4861787.000
20160219,ess,201.960,208.790,201.960,206.890,580193.000
20160219,esv,8.271,8.611,7.992,8.211,6535394.737
20160219,etfc,21.870,22.630,21.670,22.490,4742091.000
20160219,etn,55.311,55.598,54.380,55.449,2286004.553
20160219,etr,73.790,73.919,72.000,72.985,1894287.000
20160219,ew,86.290,86.620,85.040,86.220,1448402.000
20160219,exc,31.320,31.355,30.942,31.225,5655104.000
20160219,expd,46.660,46.810,46.210,46.670,1008908.000
20160219,expe,109.181,109.181,104.701,108.423,1912620.373
20160219,exr,83.925,86.686,83.547,85.563,1262434.665
20160219,f,12.190,12.230,12.010,12.100,22309135.000
20160219,fast,44.180,44.750,43.865,44.650,2428364.000
20160219,fb,102.560,105.020,102.060,104.570,32165931.000
20160219,fcx,6.980,7.170,6.750,6.920,37357489.000
20160219,fdx,130.070,130.749,127.844,129.531,2443961.154
20160219,fe,33.820,33.880,32.800,32.970,4879229.000
20160219,ffiv,91.700,92.855,91.110,92.650,626131.000
20160219,fhn,11.974,12.193,11.919,12.133,1416303.240
20160219,fii,24.540,24.950,24.470,24.940,965332.000
20160219,fis,58.925,59.503,58.417,59.443,1569224.697
20160219,fisv,96.070,96.790,95.362,96.660,1328160.000
20160219,fitb,15.050,15.315,14.910,15.280,6248296.000
20160219,fl,66.500,67.760,65.650,67.510,2289997.000
20160219,flir,30.330,31.110,29.110,30.830,1453445.000
20160219,flr,42.449,45.405,42.220,45.166,3993496.203
20160219,fls,42.070,42.070,40.357,41.224,2209432.380
20160219,fmc,36.930,36.930,35.860,35.950,605428.000
20160219,fosl,43.990,44.540,42.500,44.350,1944574.000
20160219,fox,26.059,26.656,25.940,26.547,3105370.816
20160219,foxa,26.009,26.631,25.919,26.476,10390497.568
20160219,frt,146.401,147.424,145.606,146.033,987640.008
20160219,fslr,62.900,63.500,61.440,62.760,1662925.000
20160219,fti,24.630,25.170,24.300,25.160,3934699.000
20160219,ftr,4.456,4.465,4.289,4.348,11645122.981
20160219,gas,64.450,64.855,64.250,64.760,496048.000
20160219,gd,134.890,136.080,134.250,135.260,1250942.000
20160219,ge,28.710,28.899,28.452,28.779,31258248.480
20160219,ggp,25.940,26.390,25.700,26.230,3143626.000
20160219,ghc,500.890,507.990,498.050,505.990,22951.000
20160219,gild,87.807,88.553,86.702,87.020,12629971.020
20160219,gis,58.400,59.140,58.200,58.720,2302289.000
20160219,glw,18.456,18.555,18.287,18.411,11880280.785
20160219,gm,28.522,28.621,28.028,28.419,11621257.300
20160219,gme,28.890,28.890,27.466,27.852,2059118.355
20160219,gnw,2.040,2.050,1.920,1.930,3904645.000
20160219,goog,694.940,703.081,694.000,700.520,1591381.000
20160219,googl,715.520,724.090,713.040,722.110,1707290.000
20160219,gpc,89.543,91.797,89.186,91.389,1205965.124
20160219,gps,25.750,26.450,25.160,26.230,6250473.000
20160219,gra,69.010,69.190,68.012,68.530,593347.000
20160219,grmn,39.526,39.824,38.567,38.952,2492491.632
20160219,gs,146.562,147.090,144.800,146.075,4500075.687
20160219,gt,29.900,30.000,29.180,29.610,3923819.000
20160219,gww,215.060,217.410,212.320,217.270,638399.000
20160219,hal,31.158,31.282,30.671,31.188,8700474.060
20160219,har,74.790,75.210,72.330,73.200,750505.000
20160219,has,72.190,72.300,71.200,72.070,1096980.000
20160219,hban,8.419,8.617,8.349,8.597,13744944.250
20160219,hbi,26.880,27.090,25.980,26.530,5184982.000
20160219,hca,67.480,68.020,66.014,67.610,3239859.000
20160219,hcn,58.440,60.050,57.860,59.201,3508595.000
20160219,hcp,27.900,28.550,27.690,28.410,3822284.000
20160219,hd,119.164,121.034,118.100,121.004,4438188.450
20160219,hes,41.333,42.129,40.050,42.109,5836356.810
20160219,hig,41.420,41.698,41.176,41.589,1488385.949
20160219,hls,31.390,31.390,30.850,31.310,814707.000
20160219,hlt,19.445,19.884,19.027,19.804,10188253.983
20160219,hog,41.430,42.085,41.300,42.000,2376262.000
20160219,hon,105.540,106.912,104.804,106.683,3345181.679
20160219,hot,64.900,66.064,64.353,65.965,2127252.336
20160219,hp,50.840,51.590,50.000,51.570,1621888.000
20160219,hpe,13.452,13.691,13.203,13.611,7885867.276
20160219,hpq,10.373,10.377,9.938,10.205,11754159.719
20160219,hrb,34.006,34.060,33.460,33.718,1712535.358
20160219,hrl,42.690,43.265,42.410,42.750,3230394.000
20160219,hrs,74.040,74.915,73.275,74.706,988209.732
20160219,hsbc,30.949,31.268,30.794,31.133,2816528.308
20160219,hsic,163.350,166.440,162.500,166.230,675812.000
20160219,hst,15.170,15.270,14.890,15.070,7655252.000
20160219,hsy,89.996,90.850,89.519,90.433,1001197.141
20160219,hum,167.800,168.330,164.500,165.340,772318.000
20160219,iac,44.150,44.730,43.890,44.260,735145.000
20160219,ibm,132.150,133.650,130.840,133.090,4432100.000
20160219,ice,242.493,248.831,240.660,247.186,631959.142
20160219,iff,104.827,105.036,103.533,104.926,649367.962
20160219,igt,14.250,14.280,14.010,14.280,432027.000
20160219,ilmn,149.230,152.950,148.510,151.290,1009235.000
20160219,intc,29.200,29.350,28.710,28.710,44397596.000
20160219,intu,96.500,97.620,95.310,97.190,1882999.000
20160219,ip,34.810,34.810,33.430,33.990,5421589.000
20160219,ipg,20.675,21.043,20.526,20.983,3377573.787
20160219,ir,51.779,51.779,51.033,51.749,1307499.640
20160219,irm,28.620,28.728,28.103,28.482,886571.614
20160219,isrg,503.100,547.080,503.100,546.340,253195.000
20160219,itt,32.956,33.046,32.179,32.906,598492.257
20160219,itw,95.140,95.890,94.320,95.830,2220546.000
20160219,ivz,26.750,26.890,26.103,26.320,5760055.000
20160219,jbht,76.830,77.250,75.560,76.730,1196175.000
20160219,jbl,20.470,20.740,20.450,20.700,1884615.000
20160219,jci,35.309,35.418,34.377,34.595,4196353.903
20160219,jcp,7.510,7.530,7.260,7.330,13248085.000
20160219,jec,37.430,38.120,36.690,38.000,768871.000
20160219,jnj,103.310,104.680,103.310,104.130,8252341.000
20160219,jnpr,23.904,24.551,23.844,24.482,7487215.797
20160219,jns,12.500,12.560,12.320,12.370,1766479.000
20160219,joy,12.122,12.192,11.663,12.022,2148570.653
20160219,jpm,57.500,58.170,57.070,57.810,14377238.000
20160219,jwn,47.465,49.401,46.323,48.835,18570315.210
20160219,k,75.105,75.284,74.490,75.006,1921987.529
20160219,kate,16.790,17.040,16.410,17.020,1696625.000
20160219,kbh,10.840,10.970,10.630,10.760,1641105.000
20160219,key,10.486,10.694,10.416,10.625,12685152.640
20160219,kim,26.790,27.120,26.540,26.900,1905394.000
20160219,klac,65.590,66.670,65.340,65.690,3967840.000
20160219,kmb,128.783,129.737,127.661,129.469,1053098.830
20160219,kmi,17.610,17.620,17.020,17.370,26395611.000
20160219,kmx,46.320,46.430,44.300,45.350,3082459.000
20160219,ko,43.243,43.422,42.945,43.422,11478596.340
20160219,kors,52.780,53.280,51.911,52.730,2358800.000
20160219,kr,37.790,38.120,37.420,37.810,6040074.000
20160219,kss,43.823,44.387,42.883,43.912,2516914.349
20160219,ksu,79.873,82.482,79.290,82.353,1944773.253
20160219,l,37.066,37.146,36.817,36.847,738678.189
20160219,lb,83.220,84.070,82.280,83.920,2089792.000
20160219,ldos,41.791,41.830,40.648,41.622,981628.137
20160219,leg,43.238,43.521,42.851,43.387,888687.954
20160219,len,39.890,40.550,39.670,39.980,3288708.000
20160219,lh,108.570,109.330,107.180,108.710,1216438.000
20160219,lll,116.671,117.009,115.552,116.899,466227.334
20160219,lltc,43.020,43.540,42.840,43.170,2174688.000
20160219,lly,72.510,73.030,72.200,72.610,6034212.000
20160219,lm,27.423,27.453,26.936,27.254,1141259.872
20160219,lmt,212.901,213.130,211.105,212.018,1130226.620
20160219,lnc,35.570,35.990,35.290,35.950,2276925.000
20160219,low,67.780,68.573,66.840,68.490,4379377.000
20160219,lpx,15.100,15.310,14.650,15.240,3000664.000
20160219,lrcx,68.871,71.142,68.871,69.498,4058435.592
20160219,luk,14.889,14.918,14.610,14.689,1777425.413
20160219,luv,38.840,39.384,38.501,39.250,5121425.644
20160219,lvlt,48.060,48.300,46.780,48.190,1924449.000
20160219,lxk,30.237,30.237,28.923,29.931,1059596.913
20160219,lyb,78.866,79.203,77.153,77.391,3010981.602
20160219,m,40.448,40.498,38.514,39.892,5780373.828
20160219,ma,85.690,86.870,85.220,86.780,3273980.000
20160219,mac,76.380,77.410,75.610,76.900,1008547.000
20160219,mar,64.259,65.564,64.010,65.454,3469909.231
20160219,mas,26.950,27.700,26.830,27.610,4787844.000
20160219,mat,31.390,31.795,31.040,31.780,3895640.000
20160219,mbi,6.460,6.460,6.240,6.340,1314076.000
20160219,mcd,116.121,116.468,114.939,115.565,7041471.340
20160219,mchp,41.950,42.610,41.700,42.380,1969366.000
20160219,mck,155.439,155.709,152.854,153.982,1298634.594
20160219,mco,85.450,85.970,84.675,85.620,920371.000
20160219,mdlz,39.390,40.765,39.390,39.810,12525700.000
20160219,mdp,43.003,43.932,42.519,43.863,438881.688
20160219,mdr,2.440,2.480,2.390,2.430,1986339.000
20160219,mdt,74.571,75.298,74.273,74.999,4136513.420
20160219,met,38.870,39.170,38.490,39.100,4357510.000
20160219,mhfi,87.327,87.875,86.401,87.596,986620.716
20160219,mhk,162.590,166.560,161.310,165.680,651010.000
20160219,mjn,73.762,74.588,73.335,74.379,1167169.660
20160219,mkc,90.820,92.110,90.135,92.010,719890.000
20160219,mlm,135.192,138.533,133.253,135.591,652610.152
20160219,mmc,57.240,57.555,57.095,57.290,2153515.000
20160219,mmm,157.000,157.090,155.870,156.440,1854631.000
20160219,mnk,66.210,66.900,64.000,64.730,1363015.000
20160219,mnst,125.810,129.410,124.620,127.580,1591327.000
20160219,mo,60.086,60.394,59.492,60.007,4455002.692
20160219,mon,89.690,90.120,88.480,88.530,2424661.000
20160219,mos,25.326,25.346,23.851,24.148,5773047.550
20160219,mpc,30.930,31.600,30.640,31.600,5509316.000
20160219,mrk,49.814,49.973,49.438,49.676,8047509.620
20160219,mro,6.850,6.880,6.520,6.720,34482317.000
20160219,ms,23.780,24.190,23.640,23.980,11709304.000
20160219,msft,51.950,52.280,51.530,51.810,32729455.000
20160219,msi,64.407,65.680,63.940,65.640,1449514.225
20160219,mtb,105.027,106.666,104.143,106.309,639070.575
20160219,mtg,6.780,6.830,6.675,6.720,4749389.000
20160219,mtw,3.225,3.263,3.130,3.236,10624719.706
20160219,mu,11.380,11.390,10.950,11.150,17520931.000
20160219,mur,16.590,16.610,15.300,15.760,6389272.000
20160219,mww,2.860,2.960,2.800,2.900,2408961.000
20160219,mxim,32.950,33.190,32.670,32.980,1523607.000
20160219,myl,43.800,45.980,43.800,45.340,4898859.000
20160219,nav,8.210,8.220,7.639,7.800,1319430.000
20160219,navi,9.962,9.962,9.588,9.775,2553797.577
20160219,nbl,28.830,29.860,28.370,29.850,5043975.000
20160219,nbr,6.703,6.842,6.415,6.832,8610158.226
20160219,nc,47.654,48.550,46.878,48.072,11366.306
20160219,ncr,22.050,22.420,21.660,22.330,1887548.000
20160219,ndaq,62.291,62.918,61.992,62.689,807033.570
20160219,ne,7.900,7.900,7.350,7.570,6770329.000
20160219,nee,113.642,114.585,112.749,113.910,2741335.191
20160219,nem,24.896,25.576,24.707,24.797,7701072.742
20160219,nflx,89.970,91.400,88.030,89.230,13562354.000
20160219,nfx,22.050,22.350,18.950,22.320,6142809.000
20160219,ni,21.730,22.140,21.520,21.860,3119124.000
20160219,nke,58.340,59.157,57.482,59.148,9485577.740
20160219,nlsn,47.266,47.842,47.166,47.832,1867625.339
20160219,noc,191.351,191.829,189.240,189.957,1101865.293
20160219,nov,28.537,28.872,28.291,28.862,3491318.077
20160219,nrg,10.280,10.300,9.760,10.020,5334694.000
20160219,nsc,74.500,75.500,74.050,74.990,1296835.000
20160219,ntap,23.910,24.795,23.700,24.640,5858894.000
20160219,ntrs,58.272,59.237,57.736,59.048,1102310.196
20160219,nue,39.860,39.890,39.110,39.400,2538581.000
20160219,nvda,29.732,30.599,29.542,30.329,11613346.355
20160219,nwl,37.252,37.391,36.654,37.281,3296044.203
20160219,nws,11.352,11.580,11.233,11.491,1907359.750
20160219,nwsa,10.702,10.960,10.652,10.826,4794142.728
20160219,nyt,12.800,12.920,12.520,12.690,806418.000
20160219,o,60.061,61.138,59.842,60.021,2465518.433
20160219,odp,5.190,5.235,5.130,5.155,3372339.000
20160219,oi,14.700,14.770,13.890,14.050,2084551.000
20160219,oke,20.600,20.860,20.107,20.670,2578085.000
20160219,omc,75.388,76.034,74.921,76.034,1213355.804
20160219,orcl,36.520,36.790,36.420,36.770,11728281.000
20160219,orly,252.760,259.570,249.040,257.840,872421.000
20160219,oxy,69.066,69.590,68.087,69.520,4969195.991
20160219,payx,50.670,51.300,50.450,51.250,1915879.000
20160219,pbct,14.490,14.750,14.340,14.670,3203566.000
20160219,pbi,17.450,17.640,17.330,17.580,1261494.000
20160219,pcar,50.940,51.195,50.310,50.900,1773642.000
20160219,pcg,56.080,56.130,55.310,55.890,2876253.000
20160219,pch,26.098,26.443,25.585,25.773,564942.160
20160219,pcl,37.820,37.930,36.230,36.540,6313904.000
20160219,pcln,1238.280,1284.990,1236.530,1283.960,1032504.000
20160219,pdco,44.360,44.580,43.980,44.470,688241.000
20160219,peg,42.506,42.843,41.990,42.575,3382485.439
20160219,pep,97.762,99.479,97.583,98.854,4133047.037
20160219,pfe,29.580,29.650,29.175,29.490,35920188.000
20160219,pfg,36.485,36.683,36.069,36.446,1794513.296
20160219,pg,81.960,82.260,81.400,81.750,6576045.000
20160219,pgr,31.760,32.075,31.750,31.910,2718870.000
20160219,ph,100.180,100.560,98.460,99.880,1281145.000
20160219,phm,16.397,16.626,16.228,16.467,3961352.075
20160219,pki,45.570,47.040,45.430,46.960,1460207.000
20160219,pld,37.049,37.346,36.653,36.950,2915957.309
20160219,pm,89.451,90.274,88.893,90.029,3625407.837
20160219,pnc,81.830,82.990,81.320,82.820,2075891.000
20160219,pnr,47.870,48.300,47.510,48.020,1643153.000
20160219,pnw,67.540,68.650,66.820,68.260,1796187.000
20160219,pom,26.700,26.700,26.380,26.410,1768582.000
20160219,ppg,94.660,95.740,93.670,95.610,1429954.000
20160219,ppl,36.125,36.185,35.670,35.863,3036145.538
20160219,prgo,129.010,130.049,125.534,129.180,3969866.150
20160219,pru,64.980,65.440,63.965,65.320,2969944.000
20160219,psa,243.517,252.636,242.841,250.316,963499.005
20160219,psx,78.750,80.180,78.390,80.100,2888253.000
20160219,ptc,29.260,30.110,29.180,30.110,607218.000
20160219,pvh,74.583,75.133,71.845,74.963,1201259.534
20160219,pwr,18.440,18.860,18.220,18.690,2677801.000
20160219,px,103.658,103.807,102.228,102.566,1191467.294
20160219,pxd,119.210,123.060,117.690,122.990,2652012.000
20160219,pypl,35.940,36.140,35.610,35.760,8804932.000
20160219,qcom,48.584,49.575,48.307,48.961,16129348.160
20160219,qep,10.300,10.800,9.970,10.530,5647878.000
20160219,qlgc,12.550,12.640,12.350,12.390,484904.000
20160219,qrvo,40.120,42.120,40.120,41.860,1885385.000
20160219,r,57.530,57.840,55.600,56.150,725484.000
20160219,rad,7.870,7.930,7.835,7.920,9299347.000
20160219,rai,49.118,49.465,48.582,49.118,3353333.371
20160219,rcl,69.000,72.290,68.470,70.850,3597748.000
20160219,rdc,11.300,11.620,11.120,11.450,3027409.000
20160219,regn,388.980,396.400,380.020,394.980,569872.000
20160219,rf,7.533,7.687,7.434,7.603,19093234.714
20160219,rhi,38.135,38.403,37.816,38.145,1061760.496
20160219,rht,65.080,66.150,64.320,65.890,1674820.000
20160219,rig,8.480,8.610,8.080,8.340,14631496.000
20160219,rl,87.700,88.580,86.500,88.270,771955.000
20160219,rlgy,30.770,31.240,30.500,31.050,1668968.000
20160219,rok,101.260,102.060,99.660,101.610,910802.000
20160219,rop,170.660,172.140,168.950,170.260,552697.000
20160219,rost,54.350,54.599,53.472,54.559,3085377.482
20160219,rrc,24.264,25.533,23.474,23.724,7178879.099
20160219,rrd,13.620,13.710,13.290,13.330,1630797.000
20160219,rsg,45.650,45.910,45.420,45.680,1787966.000
20160219,rtn,121.530,123.660,121.020,123.580,1509683.000
20160219,s,3.010,3.020,2.890,2.920,18602457.000
20160219,san,3.840,3.900,3.790,3.860,6165336.000
20160219,sanm,20.460,20.560,20.190,20.410,261893.000
20160219,sbux,56.880,57.860,56.520,57.660,8876051.000
20160219,scg,65.225,65.691,64.571,64.799,868225.844
20160219,schw,23.960,24.670,23.950,24.430,8681620.000
20160219,sci,22.595,22.943,22.575,22.913,1146002.773
20160219,se,28.530,28.650,28.010,28.630,5495332.000
20160219,see,43.348,44.315,42.929,43.169,2133521.814
20160219,shld,16.950,17.000,16.270,16.710,311758.000
20160219,shw,253.637,255.830,251.952,254.773,531449.260
20160219,sig,104.160,104.970,102.280,103.810,989590.000
20160219,sjm,126.570,127.840,125.510,127.720,858313.000
20160219,slb,71.910,72.890,71.780,72.850,7105090.000
20160219,slg,84.760,87.690,84.300,87.100,1765906.000
20160219,slm,5.890,5.920,5.740,5.845,1650261.000
20160219,sna,143.633,145.406,143.364,144.529,382496.009
20160219,sndk,69.280,69.448,68.300,68.820,1292226.000
20160219,sni,55.062,55.579,54.434,54.872,762223.775
20160219,snv,26.122,26.849,26.033,26.650,1391403.472
20160219,so,48.630,48.930,48.230,48.570,4036630.000
20160219,spg,187.980,190.050,186.400,189.460,1160063.000
20160219,spls,9.402,9.471,9.254,9.363,10863276.982
20160219,spxc,9.210,9.370,9.160,9.170,524158.000
20160219,srcl,111.300,111.650,109.250,109.680,866700.000
20160219,sre,95.951,96.586,95.032,96.536,1350754.091
20160219,ssp,17.200,18.000,17.130,17.980,202757.000
20160219,sti,33.550,33.987,33.312,33.898,3410069.824
20160219,stj,52.910,53.512,52.590,53.400,1907900.000
20160219,str,24.721,24.770,24.711,24.730,2561808.849
20160219,stt,55.190,56.910,54.750,56.200,4686476.000
20160219,stx,32.410,32.730,31.020,31.340,4278587.000
20160219,stz,140.100,140.600,138.270,139.530,1208129.000
20160219,sune,1.470,1.530,1.410,1.430,15848604.000
20160219,svu,4.670,4.680,4.510,4.660,2190302.000
20160219,swk,91.938,92.018,91.043,91.501,1413296.615
20160219,swks,61.530,63.501,61.290,63.030,3115231.000
20160219,swn,8.360,8.361,6.960,7.050,29443508.000
20160219,syf,26.500,26.960,26.270,26.730,7193380.000
20160219,syk,96.800,97.930,96.220,97.690,1442615.000
20160219,symc,15.940,16.085,15.763,16.041,5548100.740
20160219,syy,44.360,45.110,44.340,45.005,4654637.000
20160219,t,36.970,36.980,36.520,36.580,21334892.000
20160219,tap,84.329,85.195,83.831,85.125,1313194.793
20160219,tdc,24.990,25.160,24.590,25.080,1838539.000
20160219,te,27.400,27.450,27.250,27.445,3211243.000
20160219,tel,56.831,57.387,56.224,57.258,2531976.831
20160219,ten,44.740,45.060,44.000,44.540,596651.000
20160219,ter,18.730,18.989,18.680,18.769,1582300.212
20160219,tex,21.860,24.093,21.391,22.887,4161430.596
20160219,tgna,23.496,23.870,23.188,23.775,1213942.737
20160219,tgt,72.200,72.320,70.560,72.320,4015012.000
20160219,thc,24.820,24.970,23.460,23.830,2142400.000
20160219,tif,64.501,64.590,62.930,64.143,1261075.418
20160219,tjx,70.890,71.700,70.245,71.590,2748511.000
20160219,tkr,30.300,30.420,29.570,30.150,943647.000
20160219,tmk,51.700,51.990,51.360,51.880,571981.000
20160219,tmo,129.379,130.618,128.171,130.018,1127408.320
20160219,tmus,36.330,36.650,34.865,34.950,4763059.000
20160219,trip,62.700,63.770,61.380,63.420,1702046.000
20160219,trow,68.626,68.884,67.822,68.358,1412439.762
20160219,trv,107.960,108.189,107.234,107.463,1526151.473
20160219,tsco,84.130,84.770,83.120,84.600,667756.000
20160219,tsn,62.818,63.465,61.760,62.828,4181138.199
20160219,tso,68.066,72.001,67.609,71.743,4437366.935
20160219,tss,41.469,42.856,41.200,42.697,1857105.663
20160219,tup,48.993,49.339,48.613,48.983,662059.609
20160219,twc,186.740,189.249,185.390,188.740,1711497.000
20160219,twx,63.966,64.781,63.190,64.264,5147850.110
20160219,txn,52.830,52.940,52.410,52.750,4903126.000
20160219,txt,33.589,33.699,33.180,33.270,1909678.151
20160219,tyc,34.440,34.530,33.150,33.540,5074132.000
20160219,ua,80.500,81.900,79.040,80.640,2840303.000
20160219,ual,51.790,55.060,51.380,53.780,8963730.000
20160219,uhs,107.324,107.543,104.936,106.854,1592006.822
20160219,uis,10.530,10.600,10.360,10.510,165791.000
20160219,un,42.950,43.450,42.890,43.400,1874864.000
20160219,unh,117.017,118.063,115.533,117.147,4150752.450
20160219,unm,27.160,27.565,26.710,27.520,1928448.000
20160219,unp,77.981,79.451,77.464,79.322,4208624.041
20160219,ups,97.220,97.490,96.481,97.360,1938094.000
20160219,urbn,26.650,26.920,25.840,26.820,1528982.000
20160219,uri,49.220,49.220,46.650,48.390,2212564.000
20160219,usb,39.280,39.725,39.060,39.460,8320752.000
20160219,utx,88.350,88.990,87.420,88.160,5310126.000
20160219,v,71.000,71.720,70.300,71.530,7124398.000
20160219,var,78.210,78.650,77.470,77.780,834691.000
20160219,vc,66.910,67.560,65.910,66.270,569512.000
20160219,vfc,57.667,59.168,54.783,58.214,8900728.387
20160219,viab,35.166,35.255,34.543,34.919,2855404.543
20160219,viav,6.300,6.390,6.190,6.290,1563667.000
20160219,vlo,55.030,57.080,54.950,57.040,5248110.000
20160219,vmc,93.582,95.758,92.066,94.670,788991.314
20160219,vno,83.850,85.650,83.100,84.980,1177590.000
20160219,vrsk,68.260,68.590,67.600,67.930,1340291.000
20160219,vrsn,80.540,80.990,79.870,80.650,1267196.000
20160219,vrtx,85.900,88.510,84.120,88.080,1964518.000
20160219,vtr,50.787,52.022,50.283,51.547,2620585.326
20160219,vz,50.740,51.070,50.300,50.850,13263370.000
20160219,wat,121.160,121.850,119.960,121.338,265222.000
20160219,wba,76.580,77.600,75.950,77.570,4053549.000
20160219,wdc,44.230,44.350,42.630,44.120,3726684.000
20160219,wec,56.630,56.915,55.980,56.530,1218262.000
20160219,wfc,47.590,48.165,47.330,48.070,16008176.000
20160219,wfm,31.230,31.490,30.880,31.400,4595763.000
20160219,wft,6.470,6.510,5.970,6.210,14145603.000
20160219,whr,138.455,142.640,138.455,142.083,1197758.617
20160219,win,6.070,6.310,5.950,6.300,2571154.000
20160219,wm,54.853,55.320,54.466,55.091,2475288.937
20160219,wmb,14.957,15.189,14.466,14.977,8285659.950
20160219,wmt,63.420,64.289,62.974,64.185,13575449.140
20160219,wor,29.520,29.868,29.192,29.471,194919.197
20160219,wpx,4.020,4.040,3.680,4.000,10474000.000
20160219,wu,17.998,18.137,17.928,18.057,5757388.608
20160219,wy,23.470,23.480,22.402,22.575,16095807.006
20160219,wyn,67.831,68.884,67.672,68.705,947463.106
20160219,wynn,76.570,77.690,75.650,77.180,4189938.000
20160219,x,8.220,8.410,7.890,8.100,7770423.000
20160219,xec,81.260,85.780,80.020,85.590,1879418.000
20160219,xel,39.389,39.443,38.893,39.002,3713682.583
20160219,xl,33.856,34.164,33.647,34.095,1944890.258
20160219,xlnx,47.553,48.259,47.553,48.110,1916438.500
20160219,xom,82.190,82.550,81.000,82.480,11715513.000
20160219,xray,55.448,56.667,55.034,56.307,935017.703
20160219,xrx,9.280,9.420,9.180,9.370,5410937.000
20160219,xyl,37.290,37.385,36.420,37.030,3011404.000
20160219,yhoo,30.190,30.230,29.700,30.050,18556042.000
20160219,yum,70.830,70.980,69.750,70.500,2610783.000
20160219,zbh,94.940,95.200,94.060,94.770,639880.000
20160219,zion,21.060,21.530,20.950,21.400,2198057.000
20160219,zts,42.070,42.230,41.398,41.840,3662864.000
